"id","questao_id","assunto"
"1","1","Aritmética e Problemas"
"2","1","Regra de Três"
"3","2","Aritmética e Problemas"
"4","2","Sistemas de Numeração e Operações Fundamentais"
"5","3","Análise de Tabelas e Gráficos"
"6","4","Aritmética e Problemas"
"7","4","Sistemas de Numeração e Operações Fundamentais"
"8","4","Sistema de Unidade de Medidas"
"9","5","Matemática Financeira"
"10","6","Análise de Tabelas e Gráficos"
"11","7","Aritmética e Problemas"
"12","7","Regra de Três"
"13","8","Aritmética e Problemas"
"14","8","Regra de Três"
"15","9","Aritmética e Problemas"
"16","9","Matemática Financeira"
"17","9","Porcentagem"
"19","10","Análise de Tabelas e Gráficos"
"20","11","Geometria Espacial"
"21","11","Cilindro"
"22","12","Raciocínio Lógico"
"23","13","Aritmética e Problemas"
"24","13","Razão e Proporção; e Números Proporcionais"
"25","13","Porcentagem"
"26","14","Geometria Plana"
"27","14","Circunferências e Círculos"
"28","15","Aritmética e Problemas"
"29","15","Razão e Proporção; e Números Proporcionais"
"30","16","Sistemas Lineares"
"31","16","Álgebra Linear"
"32","17","Geometria Plana"
"33","17","Áreas e Perímetros"
"34","18","Raciocínio Lógico"
"35","19","Aritmética e Problemas"
"36","19","Sistemas de Numeração e Operações Fundamentais"
"37","20","Raciocínio Lógico"
"38","21","Análise Combinatória em Matemática"
"39","22","Aritmética e Problemas"
"40","22","Médias"
"41","22","Análise de Tabelas e Gráficos"
"42","23","Probabilidade"
"43","24","Análise de Tabelas e Gráficos"
"44","25","Funções"
"45","25","Função de 2º Grau ou Função Quadrática e Inequações"
"46","26","Aritmética e Problemas"
"47","26","Médias"
"48","27","Geometria Plana"
"49","27","Circunferências e Círculos"
"50","28","Geometria Espacial"
"51","28","Cilindro"
"52","28","Esfera"
"53","29","Aritmética e Problemas"
"54","29","Sistemas de Numeração e Operações Fundamentais"
"55","30","Geometria Espacial"
"56","30","Poliedros"
"57","31","Análise de Tabelas e Gráficos"
"58","32","Raciocínio Lógico"
"59","33","Aritmética e Problemas"
"60","33","Médias"
"61","34","Geometria Analítica"
"62","35","Probabilidade"
"63","36","Análise Combinatória em Matemática"
"64","37","Aritmética e Problemas"
"65","37","Razão e Proporção; e Números Proporcionais"
"66","37","Regra de Três"
"67","38","Análise Combinatória em Matemática"
"68","38","Probabilidade"
"69","39","Funções"
"70","39","Função de 2º Grau ou Função Quadrática e Inequações"
"71","40","Análise Combinatória em Matemática"
"72","41","Aritmética e Problemas"
"73","41","Porcentagem"
"74","42","Geometria Espacial"
"75","42","Cone"
"76","43","Geometria Plana"
"77","43","Áreas e Perímetros"
"78","43","Quadriláteros"
"79","44","Aritmética e Problemas"
"80","44","Sistema de Unidade de Medidas"
"81","45","Qualidade de vida das populações humanas"
"82","45","Principais doenças endêmicas no Brasil"
"83","46","Química Orgânica"
"84","46","Principais Funções Orgânicas: Hidrocarbonetos: Alcano Alceno Alcino Alcadieno Ciclos Alcano e Alceno Aromáticos. Haletos."
"85","46","Cadeias Carbônicas: Características e Classificações do Átomo do Carbono Tipos de Ligação e Hibridação. Tipos de Cadeias Carbônicas e Fórmulas. Séries: Homóloga Isóloga e Heteróloga."
"86","47","Equilíbrio Químico"
"87","47","Sistemas Homogêneos: Equilíbrio Iônico: Conceitos Diluição de Ostwald Efeito do Íon Comum."
"88","48","Energia Mecânica e sua Conservação"
"89","48","Dinâmica"
"90","48","Colisão"
"91","49","Identidade dos seres vivos"
"92","49","Sistema Circulatório Humano"
"93","49","Sistema Esquelético e Muscular Humano"
"94","50","Ótica"
"95","51","Equilíbrio Químico"
"96","51","Energias Químicas no Cotidiano"
"97","51","Sistemas Homogêneos: Equilíbrio Químico na Água: pH e pOH Indicadores Ácido-Base Solução Tampão."
"98","51","Sistemas Homogêneos: Constantes: Kc e Kp. Deslocamento do Equilíbrio: Fatores."
"99","51","Chuva Ácida e Efeito Estufa"
"101","52","Cargas Elétricas e Eletrização"
"102","52","Eletricidade"
"103","53","Moléculas células e tecidos"
"104","53","Uma visão geral da célula"
"105","53","Respiração celular e fermentação"
"106","54","Substâncias e suas propriedades"
"107","54","Relações da Química com as Tecnologias a Sociedade e o Meio Ambiente"
"108","54","Estudo da matéria: substâncias misturas processos de separação."
"109","55","Ótica"
"110","55","Refração"
"111","56","Ondas e Propriedades Ondulatórias"
"112","56","Oscilação e Ondas"
"113","56","Acústica"
"114","57","Moléculas células e tecidos"
"115","57","Uma visão geral da célula"
"116","57","Núcleo interfásico e código genético"
"117","58","Soluções e Substâncias Inorgânicas"
"118","58","Soluções: características tipos de concentração diluição mistura titulação e soluções coloidais."
"119","59","Cinética Química"
"120","59","Energias Químicas no Cotidiano"
"121","59","Velocidade de Reação Energia de Ativação Concentração Pressão Temperatura e Catalisador"
"122","59","Petróleo Gás Natural e Carvão Madeira Hulha Biomassa Biocombustíveis e Energia Nuclear"
"124","60","Hereditariedade e diversidade da vida"
"125","60","Herança ligada ao sexo"
"126","61","Química Orgânica"
"127","61","Relações da Química com as Tecnologias a Sociedade e o Meio Ambiente"
"128","61","Tipos de Reações Orgânicas: Oxidação Redução e Polimerização."
"129","62","Gravitação Universal"
"130","63","Moléculas células e tecidos"
"131","63","Núcleo interfásico e código genético"
"132","63","Transcrição e Tradução"
"133","64","Identidade dos seres vivos"
"134","64","Vírus e bactérias"
"135","64","Fungos"
"136","65","Cinética Química"
"137","65","Química Orgânica"
"138","65","Velocidade de Reação Energia de Ativação Concentração Pressão Temperatura e Catalisador"
"139","65","Glicídios Lipídios Aminoácidos e Proteínas."
"141","66","Cargas Elétricas e Eletrização"
"142","66","Eletricidade"
"143","66","Associação de Resistores"
"144","67","Plano Inclinado e Atrito"
"145","67","Leis de Newton"
"146","67","Estática - Momento da Força/Equilíbrio e Alavancas"
"147","67","Estática e Hidrostática"
"148","67","Dinâmica"
"150","68","Hereditariedade e diversidade da vida"
"151","69","Soluções e Substâncias Inorgânicas"
"152","69","Cinética Química"
"153","69","Energias Químicas no Cotidiano"
"154","69","Velocidade de Reação Energia de Ativação Concentração Pressão Temperatura e Catalisador"
"155","69","Petróleo Gás Natural e Carvão Madeira Hulha Biomassa Biocombustíveis e Energia Nuclear"
"156","69","Soluções: características tipos de concentração diluição mistura titulação e soluções coloidais."
"158","70","Cinemática"
"159","70","Lançamento Horizontal"
"160","70","Lançamento Vertical"
"161","71","Ecologia e ciências ambientais"
"162","71","Sucessão ecológica"
"163","71","Biomas brasileiros"
"164","72","Magnetismo"
"165","72","Campo e Força Magnética"
"166","73","Hereditariedade e diversidade da vida"
"167","74","Transformações Químicas"
"168","74","Substâncias e suas propriedades"
"169","74","Teoria Atômica: átomos e sua estrutura - número atômico número de massa isótopos massa atômica"
"170","74","Estudo da matéria: substâncias misturas processos de separação."
"172","75","Eletricidade"
"173","75","Resistores e Potência Elétrica"
"175","75","Associação de Resistores"
"176","76","Transformações Químicas"
"177","76","Soluções e Substâncias Inorgânicas"
"178","76","Substâncias Inorgânicas e suas características: Ácidos Bases Sais e Óxidos. Reações de Neutralização."
"179","76","Transformações Químicas: elementos químicos tabela periódica e reações químicas"
"181","77","Eletricidade"
"182","77","Resistores e Potência Elétrica"
"183","78","Qualidade de vida das populações humanas"
"184","78","Principais doenças endêmicas no Brasil"
"185","79","Transformações Químicas"
"186","79","Transformações Químicas e Energia"
"187","79","Eletroquímica: Oxirredução Potenciais Padrão de Redução Pilha Eletrólise e Leis de Faraday."
"188","79","Transformações Químicas: elementos químicos tabela periódica e reações químicas"
"190","80","Cargas Elétricas e Eletrização"
"191","80","Eletricidade"
"192","81","Origem e evolução da vida"
"193","81","Evolução biológica"
"194","82","Transformações Químicas"
"195","82","Transformações Químicas e Energia"
"196","82","Radioatividade: Reações de Fissão e Fusão Nuclear Desintegração Radioativa e Radioisótopos."
"197","82","Cinética Química"
"198","82","Teoria Atômica: átomos e sua estrutura - número atômico número de massa isótopos massa atômica"
"199","82","Velocidade de Reação Energia de Ativação Concentração Pressão Temperatura e Catalisador"
"201","83","Identidade dos seres vivos"
"202","83","Introdução ao Estudo dos Animais"
"203","84","Transformações Químicas"
"204","84","Soluções e Substâncias Inorgânicas"
"205","84","Substâncias Inorgânicas e suas características: Ácidos Bases Sais e Óxidos. Reações de Neutralização."
"206","84","Transformações Químicas: elementos químicos tabela periódica e reações químicas"
"208","85","Física Térmica - Termologia"
"209","85","Calorimetria"
"210","85","Eletricidade"
"211","85","Resistores e Potência Elétrica"
"213","86","Física Térmica - Termologia"
"214","86","Calorimetria"
"215","87","Moléculas células e tecidos"
"216","87","Uma visão geral da célula"
"217","88","Transformações Químicas e Energia"
"218","88","Eletroquímica: Oxirredução Potenciais Padrão de Redução Pilha Eletrólise e Leis de Faraday."
"219","89","Cinemática"
"220","89","MCU - Movimento Circular Uniforme"
"221","89","Dinâmica"
"222","89","Máquina de Atwood e Associação de Blocos"
"224","90","Interpretação de Texto | Comprensión de Lectura"
"225","91","Interpretação de Texto | Comprensión de Lectura"
"226","92","Interpretação de Texto | Comprensión de Lectura"
"227","93","Interpretação de Texto | Comprensión de Lectura"
"228","94","Interpretação de Texto | Comprensión de Lectura"
"4092","95","As cidades e os espaços urbanos"
"4093","95","Cultura e identidade nacional"
"4094","95","Cultura e sociedade"
"229","96","História da América Latina"
"230","96","Colonialismo espanhol: Ocupação e exploração do território americano"
"4102","97","A Razão e seus Sentidos"
"231","98","Urbanização"
"232","98","Noções Gerais de Urbanização"
"4106","99","Conceitos Filosóficos"
"4107","99","Filosofia e a Grécia Antiga"
"4108","99","Filosofia e Conhecimento"
"4109","99","Os Pré-Socráticos"
"4114","100","Ética e Liberdade"
"4100","101","A Consciência e os Limites do Conhecimento"
"4101","101","A Razão e seus Sentidos"
"233","102","População"
"234","102","Migrações"
"235","103","Geografia Física"
"236","103","Solo"
"237","103","Cartografia"
"238","103","Coordenadas Geográficas"
"239","103","Geologia"
"4096","104","Direitos civis políticos e sociais"
"4095","105","A Origem da Filosofia"
"4113","106","Filosofia e Conhecimento"
"241","107","Cartografia"
"242","107","Escalas"
"243","108","História do Brasil"
"244","108","Período Colonial: produção de riqueza e escravismo"
"245","109","Questões Sociais"
"246","109","Trabalho Transporte Previdência e outras Questões Sociais"
"247","110","Sociedade e Comportamento"
"248","111","Fontes de energia e recursos naturais"
"249","111","Energia"
"250","112","História Geral"
"251","112","Construção do Estado Liberal: Revolução Francesa"
"252","113","População"
"254","113","Conceitos Demográficos"
"4090","114","As cidades e os espaços urbanos"
"4091","114","Democracia e representação política"
"255","115","População"
"256","115","População brasileira"
"257","116","Política"
"258","116","Guerras Conflitos e Terrorismo na Atualidade"
"259","116","Atualidades do ano de 2022"
"260","117","Geografia Econômica"
"261","118","Política Nacional"
"262","118","Política"
"264","119","História do Brasil"
"265","119","Brasil Monárquico – Primeiro Reinado 1822- 1831"
"4103","120","Instituições sociais normas e valores"
"266","121","Geografia Física"
"267","121","Solo"
"268","122","História Geral"
"269","122","Antiguidade Ocidental (Gregos Romanos e Macedônios)"
"270","123","Geografia Econômica"
"271","124","Geografia Econômica"
"4097","125","As cidades e os espaços urbanos"
"4098","125","Cidadania e movimentos sociais"
"4099","125","Sociedade civil"
"272","126","Agropecuária"
"273","126","Agricultura brasileira"
"274","127","Sociedade e Comportamento"
"275","128","Sociedade e Comportamento"
"4110","129","As cidades e os espaços urbanos"
"4111","129","Desigualdade social no Brasil"
"4112","129","Desigualdades de raça classe e gênero"
"276","130","Geografia Física"
"277","130","Solo"
"278","131","História do Brasil"
"279","131","Brasil Monárquico – Segundo Reinado 1831- 1889"
"280","132","História do Brasil"
"281","132","Brasil Monárquico – Segundo Reinado 1831- 1889"
"282","133","Agropecuária"
"283","133","Agricultura brasileira"
"284","134","Geografia Econômica"
"285","135","Amazônia"
"286","136","Geografia Física"
"287","136","Hidrografia"
"288","137","Questões Sociais"
"289","137","Movimentos Sociais Discriminação e Desigualdade: Raça classe e gênero"
"4104","138","A Razão e seus Sentidos"
"4105","138","Linguagem e Pensamento"
"290","139","Conhecimentos Gerais Sobre Arte e Cultura"
"291","140","Interpretação de Textos"
"292","140","Noções Gerais de Compreensão e Interpretação de Texto"
"293","141","Interpretação de Textos"
"294","141","Noções Gerais de Compreensão e Interpretação de Texto"
"295","142","Interpretação de Textos"
"296","142","Gêneros Textuais"
"297","143","Interpretação de Textos"
"298","143","Noções Gerais de Compreensão e Interpretação de Texto"
"299","144","Interpretação de Textos"
"300","144","Noções Gerais de Compreensão e Interpretação de Texto"
"301","145","Gêneros Literários"
"302","145","Gênero Lírico"
"303","146","Vanguardas Europeias"
"304","146","Escolas Literárias"
"305","147","Gêneros Literários"
"306","147","Gênero Épico ou Narrativo"
"307","148","Interpretação de Textos"
"308","148","Noções Gerais de Compreensão e Interpretação de Texto"
"309","149","Interpretação de Textos"
"310","149","Funções da Linguagem: emotiva apelativa referencial metalinguística fática e poética."
"311","150","Interpretação de Textos"
"312","150","Gêneros Textuais"
"313","151","Interpretação de Textos"
"314","151","Noções Gerais de Compreensão e Interpretação de Texto"
"315","152","Realismo"
"316","152","Escolas Literárias"
"317","153","Interpretação de Textos"
"318","153","Noções Gerais de Compreensão e Interpretação de Texto"
"319","154","Modernismo"
"320","154","Escolas Literárias"
"321","155","Naturalismo"
"322","155","Escolas Literárias"
"323","156","Interpretação de Textos"
"324","156","Noções Gerais de Compreensão e Interpretação de Texto"
"325","157","Interpretação de Textos"
"326","157","Noções Gerais de Compreensão e Interpretação de Texto"
"327","158","Interpretação de Textos"
"328","158","Noções Gerais de Compreensão e Interpretação de Texto"
"329","159","Interpretação de Textos"
"330","159","Funções da Linguagem: emotiva apelativa referencial metalinguística fática e poética."
"331","160","Interpretação de Textos"
"332","160","Noções Gerais de Compreensão e Interpretação de Texto"
"333","161","Interpretação de Textos"
"334","161","Gêneros Textuais"
"335","162","Interpretação de Textos"
"336","162","Noções Gerais de Compreensão e Interpretação de Texto"
"337","162","Gêneros Textuais"
"338","163","Interpretação de Textos"
"339","163","Noções Gerais de Compreensão e Interpretação de Texto"
"340","164","Romantismo"
"341","164","Escolas Literárias"
"342","165","Interpretação de Textos"
"343","165","Noções Gerais de Compreensão e Interpretação de Texto"
"344","166","Interpretação de Textos"
"345","166","Noções Gerais de Compreensão e Interpretação de Texto"
"346","167","Morfologia - Verbos"
"347","168","Interpretação de Textos"
"348","168","Figuras de Linguagem"
"349","169","Interpretação de Textos"
"350","169","Gêneros Textuais"
"351","170","Interpretação de Textos"
"352","170","Noções Gerais de Compreensão e Interpretação de Texto"
"353","171","Interpretação de Textos"
"354","171","Noções Gerais de Compreensão e Interpretação de Texto"
"355","172","Interpretação de Textos"
"356","172","Noções Gerais de Compreensão e Interpretação de Texto"
"357","173","Interpretação de Textos"
"358","173","Problemas da língua culta"
"359","173","Noções Gerais de Compreensão e Interpretação de Texto"
"360","173","Tipos de Discurso: Direto Indireto e Indireto Livre"
"362","174","Interpretação de Textos"
"363","174","Noções Gerais de Compreensão e Interpretação de Texto"
"364","175","Interpretação de Textos"
"365","175","Noções Gerais de Compreensão e Interpretação de Texto"
"366","176","Interpretação de Textos"
"367","176","Noções Gerais de Compreensão e Interpretação de Texto"
"368","177","Interpretação de Textos"
"369","177","Noções Gerais de Compreensão e Interpretação de Texto"
"370","178","Interpretação de Textos"
"371","178","Noções Gerais de Compreensão e Interpretação de Texto"
"372","179","Interpretação de Textos"
"373","179","Figuras de Linguagem"
"374","179","Noções Gerais de Compreensão e Interpretação de Texto"
"375","180","Reading comprehension"
"376","181","Reading comprehension"
"377","182","Reading comprehension"
"378","183","Reading comprehension"
"379","184","Reading comprehension"
"1136","557","Interpretação de Texto | Comprensión de Lectura"
"1137","558","Interpretação de Texto | Comprensión de Lectura"
"1138","559","Interpretação de Texto | Comprensión de Lectura"
"1139","560","Interpretação de Texto | Comprensión de Lectura"
"1140","561","Interpretação de Texto | Comprensión de Lectura"
"1491","741","Sequências Lógicas de Números Letras Palavras e Figuras"
"1492","742","Aritmética e Problemas"
"1493","742","Razão e Proporção; e Números Proporcionais"
"1494","743","Probabilidade"
"1495","744","Álgebra"
"1496","744","Problemas"
"1497","745","Aritmética e Problemas"
"1498","745","Médias"
"1499","746","Álgebra"
"1500","746","Problemas"
"1501","747","Estatística"
"1502","748","Aritmética e Problemas"
"1503","748","Médias"
"1504","749","Aritmética e Problemas"
"1505","749","Médias"
"1506","750","Análise de Tabelas e Gráficos"
"1507","751","Aritmética e Problemas"
"1508","751","Médias"
"1509","752","Análise de Tabelas e Gráficos"
"1510","753","Análise de Tabelas e Gráficos"
"1511","754","Análise de Tabelas e Gráficos"
"1512","755","Análise de Tabelas e Gráficos"
"1513","756","Análise de Tabelas e Gráficos"
"1514","757","Análise de Tabelas e Gráficos"
"1515","758","Álgebra"
"1516","758","Equação de 2º Grau e Problemas de 2º Grau"
"1517","759","Física Matemática"
"1518","760","Aritmética e Problemas"
"1519","760","Porcentagem"
"1520","761","Aritmética e Problemas"
"1521","761","Sistema de Unidade de Medidas"
"1522","762","Álgebra"
"1523","762","Problemas"
"1524","763","Aritmética e Problemas"
"1525","763","Sistema de Unidade de Medidas"
"1526","763","Porcentagem"
"1527","764","Matrizes"
"1528","764","Álgebra Linear"
"1529","765","Análise de Tabelas e Gráficos"
"1530","766","Análise de Tabelas e Gráficos"
"1531","767","Aritmética e Problemas"
"1532","767","Sistema de Unidade de Medidas"
"1533","768","Álgebra"
"1534","768","Problemas"
"1535","769","Aritmética e Problemas"
"1536","769","Sistema de Unidade de Medidas"
"1537","770","Aritmética e Problemas"
"1538","770","Álgebra"
"1539","770","Problemas"
"1541","770","Sistema de Unidade de Medidas"
"1543","771","Aritmética e Problemas"
"1544","771","Sistema de Unidade de Medidas"
"1545","772","Geometria Plana"
"1546","772","Polígonos"
"1547","773","Aritmética e Problemas"
"1548","773","Sistema de Unidade de Medidas"
"1549","774","Geometria Plana"
"1550","774","Áreas e Perímetros"
"1551","775","Geometria Espacial"
"1552","775","Poliedros"
"1553","776","Geometria Plana"
"1554","776","Polígonos"
"1555","777","Álgebra"
"1556","777","Problemas"
"1557","778","Álgebra"
"1558","778","Problemas"
"1559","779","Álgebra"
"1560","779","Problemas"
"1561","780","Problemas Lógicos"
"1562","781","Análise Combinatória em Matemática"
"1563","782","Álgebra"
"1564","782","Geometria Plana"
"1565","782","Áreas e Perímetros"
"1566","782","Problemas"
"1568","783","Algoritmo"
"1569","784","Aritmética e Problemas"
"1570","784","Sistemas de Numeração e Operações Fundamentais"
"1571","785","Origem e evolução da vida"
"1572","785","Evolução biológica"
"1573","786","Oscilação e Ondas"
"1574","786","Movimento Harmônico"
"1575","787","Equilíbrio Químico"
"1576","787","Sistemas Homogêneos: Equilíbrio Químico na Água: pH e pOH Indicadores Ácido-Base Solução Tampão."
"1577","788","Identidade dos seres vivos"
"1578","788","Vertebrados"
"1579","789","Química Orgânica"
"1580","789","Relações da Química com as Tecnologias a Sociedade e o Meio Ambiente"
"1581","789","Tipos de Reações Orgânicas: Substituição Adição e Eliminação."
"1582","790","Moléculas células e tecidos"
"1583","790","Transcrição e Tradução"
"1584","791","Cinética Química"
"1585","791","Velocidade de Reação Energia de Ativação Concentração Pressão Temperatura e Catalisador"
"1586","792","Cinemática"
"1587","792","Lançamento Oblíquo"
"1588","793","Eletricidade"
"1589","793","Resistores e Potência Elétrica"
"1590","794","Física Térmica - Termologia"
"1591","795","Identidade dos seres vivos"
"1592","795","Sistema Nervoso Humano"
"1594","796","Transformações Químicas e Energia"
"1595","796","Eletroquímica: Oxirredução Potenciais Padrão de Redução Pilha Eletrólise e Leis de Faraday."
"1596","797","Hereditariedade e diversidade da vida"
"1597","798","Ecologia e ciências ambientais"
"1598","798","Problemas ambientais e medidas de conservação"
"1599","799","Cargas Elétricas e Eletrização"
"1600","799","Eletricidade"
"1601","800","Ecologia e ciências ambientais"
"1602","800","Cadeias e teias alimentares"
"1603","801","Química Orgânica"
"1604","801","Tipos de Reações Orgânicas: Substituição Adição e Eliminação."
"1605","802","Moléculas células e tecidos"
"1606","802","Respiração celular e fermentação"
"1607","803","Eletricidade"
"1608","803","Resistores e Potência Elétrica"
"1609","804","Leis de Kepler"
"1610","804","Gravitação Universal"
"1611","805","Oscilação e Ondas"
"1612","806","Identidade dos seres vivos"
"1613","806","Gimnospermas e Angiospermas"
"1614","807","Representação das transformações químicas"
"1615","807","Grandezas: massa volume mol massa molar constante de Avogadro e Estequiometria."
"1616","808","Cinemática"
"1617","808","Queda Livre"
"1618","809","Física Térmica - Termologia"
"1619","809","1ª Lei da Termodinâmica"
"1620","810","Identidade dos seres vivos"
"1621","810","Artrópodes"
"1622","811","Relações da Química com as Tecnologias a Sociedade e o Meio Ambiente"
"1623","811","Energias Químicas no Cotidiano"
"1624","811","Petróleo Gás Natural e Carvão Madeira Hulha Biomassa Biocombustíveis e Energia Nuclear"
"1625","812","Química Orgânica"
"1626","812","Propriedades Químicas dos Compostos Orgânicos: Número de Oxidação do Carbono. Efeitos Eletrônicos. Caráter Ácido-Base."
"1627","813","Relações da Química com as Tecnologias a Sociedade e o Meio Ambiente"
"1628","814","Relações da Química com as Tecnologias a Sociedade e o Meio Ambiente"
"1629","814","Energias Químicas no Cotidiano"
"1630","814","Petróleo Gás Natural e Carvão Madeira Hulha Biomassa Biocombustíveis e Energia Nuclear"
"1631","815","Eletricidade"
"1632","816","Cinemática"
"1633","817","Química Orgânica"
"1634","817","Isomeria: Isomeria Plana: Cadeia Posição Compensação Função e Tautomeria."
"1635","818","Identidade dos seres vivos"
"1636","818","Introdução aos estudos das Plantas"
"1637","819","Ecologia e ciências ambientais"
"1638","819","Problemas ambientais e medidas de conservação"
"1639","820","Identidade dos seres vivos"
"1640","820","Vírus e bactérias"
"1641","821","Ondas e Propriedades Ondulatórias"
"1642","821","Oscilação e Ondas"
"1643","822","Química Orgânica"
"1644","822","Principais Funções Orgânicas: Funções Oxigenadas: Cetona Aldeído Éter Éster Ácido Carboxílico Anidrido Orgânico e Cloreto de Ácido."
"1645","822","Tipos de Reações Orgânicas: Substituição Adição e Eliminação."
"1646","823","Identidade dos seres vivos"
"1647","823","Gimnospermas e Angiospermas"
"1648","824","Eletricidade"
"1649","825","Ecologia e ciências ambientais"
"1650","825","Biomas brasileiros"
"1651","826","Química Orgânica"
"1652","826","Tipos de Reações Orgânicas: Oxidação Redução e Polimerização."
"1653","826","Polímeros - Plásticos e Borrachas"
"1654","827","Substâncias e suas propriedades"
"1655","827","Soluções e Substâncias Inorgânicas"
"1656","827","Estudo da matéria: substâncias misturas processos de separação."
"1657","827","Soluções: características tipos de concentração diluição mistura titulação e soluções coloidais."
"1659","828","Transformações Químicas e Energia"
"1660","828","Eletroquímica: Oxirredução Potenciais Padrão de Redução Pilha Eletrólise e Leis de Faraday."
"1661","829","Hereditariedade e diversidade da vida"
"1662","829","Introdução à genética: 1ª e 2ª leis de Mendel"
"1663","830","História do Brasil"
"1664","830","Período Colonial: produção de riqueza e escravismo"
"1665","831","Cartografia"
"1666","831","Fuso Horário"
"1667","832","História Geral"
"1668","832","Medievalidade Europeia"
"4115","833","Filosofia e Conhecimento"
"4116","834","A Origem da Filosofia"
"4117","834","O que é a Filosofia"
"1669","835","História do Brasil"
"1670","835","Brasil Monárquico – Segundo Reinado 1831- 1889"
"1671","836","Cultura e sociedade"
"1672","836","Cultura e identidade nacional"
"1673","837","História Geral"
"4118","838","A Razão e seus Sentidos"
"4119","838","Conceitos Filosóficos"
"1674","839","História do Brasil"
"1675","839","Era Vargas – 1930-1954"
"1678","840","História do Brasil"
"1679","840","Era Vargas – 1930-1954"
"1680","841","Geografia Econômica"
"1681","841","Geografia Política"
"1682","842","História Geral"
"1683","842","Revolução Intelectual do século XVIII: Iluminismo"
"1684","843","História do Brasil"
"1685","843","Período Colonial: produção de riqueza e escravismo"
"1686","843","Processo de Independência: dos movimentos nativistas à libertação de Portugal"
"1687","843","História da América Latina"
"1688","843","Independências das regiões hispano-americanas: México América Central e América do Sul"
"1690","844","História Geral"
"1691","844","Medievalidade Europeia"
"1692","845","Geografia Cultural"
"1693","846","Geografia Cultural"
"1694","847","História do Brasil"
"1695","847","Era Vargas – 1930-1954"
"1696","848","Urbanização"
"1697","848","Urbanização brasileira"
"1698","849","Geologia"
"1699","850","Meio Ambiente na Geografia"
"1700","850","Geografia Cultural"
"1701","851","História do Brasil"
"1702","851","Era Vargas – 1930-1954"
"1703","852","Geografia Cultural"
"1704","853","História Geral"
"1705","853","Medievalidade Europeia"
"1706","854","População"
"1707","854","Conceitos Demográficos"
"1708","855","Geografia Econômica"
"1709","855","Geografia Política"
"1710","856","Geografia Econômica"
"1711","856","Geografia Política"
"1712","857","Agropecuária"
"1713","857","Agricultura brasileira"
"1714","857","Amazônia"
"1715","858","Industrialização"
"1716","858","Indústria brasileira"
"1717","859","Urbanização"
"1718","859","Noções Gerais de Urbanização"
"1719","860","Política poder e Estado"
"1720","861","Geografia Física"
"1721","861","Solo"
"1722","861","Clima"
"1723","861","Vegetação"
"1725","862","Urbanização"
"1726","862","Urbanização brasileira"
"1727","863","Industrialização"
"1728","863","Histórico"
"1729","863","Indústria brasileira"
"1730","864","Geografia Política"
"1731","865","População"
"1732","865","Migrações"
"1733","865","Geografia Política"
"1734","866","Industrialização"
"1735","866","Indústria brasileira"
"1736","867","Regionalização Brasileira"
"1737","868","Geografia Econômica"
"1738","869","Fontes de energia e recursos naturais"
"1739","869","Meio Ambiente na Geografia"
"1740","869","Impactos e soluções nos meios natural e rural"
"1741","869","Energia"
"1743","870","Meio Ambiente na Geografia"
"1744","870","Impactos e soluções nos meios natural e rural"
"1745","871","Geografia Cultural"
"1746","872","Agropecuária"
"1747","872","Agricultura brasileira"
"1748","873","Geografia Econômica"
"1749","874","Geografia Econômica"
"1750","875","Interpretação de Textos"
"1751","875","Noções Gerais de Compreensão e Interpretação de Texto"
"1752","875","Gêneros Textuais"
"1753","876","Interpretação de Textos"
"1754","876","Noções Gerais de Compreensão e Interpretação de Texto"
"1755","877","Interpretação de Textos"
"1756","877","Noções Gerais de Compreensão e Interpretação de Texto"
"1757","878","Estética e Crítica das Artes"
"1758","878","Linguagens e Suporte em Artes Plásticas"
"1759","879","Gêneros Literários"
"1760","879","Gênero Lírico"
"1761","879","Classificação dos Gêneros Literários"
"1762","880","Interpretação de Textos"
"1763","880","Noções Gerais de Compreensão e Interpretação de Texto"
"1764","881","Interpretação de Textos"
"1765","881","Variação Linguística"
"1767","882","Interpretação de Textos"
"1768","882","Noções Gerais de Compreensão e Interpretação de Texto"
"1769","883","Interpretação de Textos"
"1770","883","Noções Gerais de Compreensão e Interpretação de Texto"
"1771","883","Gêneros Textuais"
"1772","884","Linguagens e Suporte em Artes Plásticas"
"1773","885","Interpretação de Textos"
"1774","885","Noções Gerais de Compreensão e Interpretação de Texto"
"1775","886","Interpretação de Textos"
"1776","886","Variação Linguística"
"1777","886","Noções Gerais de Compreensão e Interpretação de Texto"
"1778","887","Interpretação de Textos"
"1779","887","Noções Gerais de Compreensão e Interpretação de Texto"
"1780","888","Interpretação de Textos"
"1781","888","Funções da Linguagem: emotiva apelativa referencial metalinguística fática e poética."
"1782","888","Noções Gerais de Compreensão e Interpretação de Texto"
"1783","889","Interpretação de Textos"
"1784","889","Noções Gerais de Compreensão e Interpretação de Texto"
"1785","890","Interpretação de Textos"
"1786","890","Noções Gerais de Compreensão e Interpretação de Texto"
"1787","891","Interpretação de Textos"
"1788","891","Noções Gerais de Compreensão e Interpretação de Texto"
"1789","891","Gêneros Textuais"
"1790","892","Interpretação de Textos"
"1791","892","Noções Gerais de Compreensão e Interpretação de Texto"
"1792","893","Projetos em Artes Visuais"
"1793","894","Interpretação de Textos"
"1794","894","Sintaxe"
"1795","894","Análise sintática"
"1796","894","Noções Gerais de Compreensão e Interpretação de Texto"
"1798","895","Interpretação de Textos"
"1799","895","Noções Gerais de Compreensão e Interpretação de Texto"
"1800","896","Interpretação de Textos"
"1801","896","Noções Gerais de Compreensão e Interpretação de Texto"
"1802","897","Linguagem e Encenação Teatral"
"1803","898","Interpretação de Textos"
"1804","898","Variação Linguística"
"1805","898","Morfologia - Pronomes"
"1806","898","Pronomes pessoais retos"
"1808","899","Interpretação de Textos"
"1809","899","Noções Gerais de Compreensão e Interpretação de Texto"
"1810","900","Linguagens em Artes Visuais"
"1811","900","Artes Corporais"
"1812","901","Interpretação de Textos"
"1813","901","Noções Gerais de Compreensão e Interpretação de Texto"
"1814","902","Romantismo"
"1815","902","Escolas Literárias"
"1816","903","Interpretação de Textos"
"1817","903","Noções Gerais de Compreensão e Interpretação de Texto"
"1818","904","Interpretação de Textos"
"1819","904","Noções Gerais de Compreensão e Interpretação de Texto"
"1820","904","Gêneros Textuais"
"1821","905","Interpretação de Textos"
"1822","905","Noções Gerais de Compreensão e Interpretação de Texto"
"1823","906","Estética e Crítica das Artes"
"1824","906","Linguagens e Suporte em Artes Plásticas"
"1825","907","Interpretação de Textos"
"1826","907","Variação Linguística"
"1827","908","Interpretação de Textos"
"1828","908","Tipologia Textual"
"1829","909","Interpretação de Textos"
"1830","909","Noções Gerais de Compreensão e Interpretação de Texto"
"1831","910","Interpretação de Textos"
"1832","910","Noções Gerais de Compreensão e Interpretação de Texto"
"1833","910","Gêneros Textuais"
"1834","911","Interpretação de Textos"
"1835","911","Noções Gerais de Compreensão e Interpretação de Texto"
"1836","912","Interpretação de Textos"
"1837","912","Noções Gerais de Compreensão e Interpretação de Texto"
"1838","912","Gêneros Textuais"
"1839","913","Interpretação de Textos"
"1840","913","Noções Gerais de Compreensão e Interpretação de Texto"
"1841","914","Interpretação de Textos"
"1842","914","Noções Gerais de Compreensão e Interpretação de Texto"
"1843","914","Gêneros Textuais"
"1844","915","Reading comprehension"
"1845","916","Reading comprehension"
"1846","916","Vocabulary"
"1847","917","Reading comprehension"
"1848","917","Vocabulary"
"1849","918","Reading comprehension"
"1850","919","Reading comprehension"
"2610","1288","Aritmética e Problemas"
"2611","1288","Porcentagem"
"2612","1289","Funções"
"2613","1289","Função de 2º Grau ou Função Quadrática e Inequações"
"2614","1290","Aritmética e Problemas"
"2615","1290","Médias"
"2616","1291","Análise de Tabelas e Gráficos"
"2617","1292","Progressões"
"2618","1292","Progressão Geométrica - PG"
"2619","1293","Álgebra"
"2620","1293","Problemas"
"2621","1294","Álgebra"
"2622","1294","Problemas"
"2623","1295","Geometria Espacial"
"2624","1295","Prismas"
"2626","1296","Álgebra"
"2627","1296","Problemas"
"2628","1297","Álgebra"
"2629","1297","Problemas"
"2630","1298","Geometria Plana"
"2631","1298","Áreas e Perímetros"
"2632","1299","Análise de Tabelas e Gráficos"
"2633","1300","Aritmética e Problemas"
"2634","1300","Razão e Proporção; e Números Proporcionais"
"2635","1301","Geometria Plana"
"2636","1301","Áreas e Perímetros"
"2637","1302","Aritmética e Problemas"
"2638","1302","Frações e Números Decimais"
"2639","1303","Álgebra"
"2640","1303","Problemas"
"2641","1304","Geometria Espacial"
"2642","1304","Prismas"
"2643","1305","Aritmética e Problemas"
"2644","1305","Médias"
"2645","1306","Aritmética e Problemas"
"2646","1306","Progressões"
"2647","1306","Progressão Aritmética - PA"
"2648","1306","Médias"
"2650","1307","Probabilidade"
"2651","1308","Geometria Espacial"
"2652","1308","Prismas"
"2653","1309","Aritmética e Problemas"
"2654","1309","Sistema de Unidade de Medidas"
"2655","1310","Análise de Tabelas e Gráficos"
"2656","1311","Análise Combinatória em Matemática"
"2657","1312","Aritmética e Problemas"
"2658","1312","Médias"
"2659","1313","Aritmética e Problemas"
"2660","1313","Médias"
"2661","1314","Probabilidade"
"2662","1315","Geometria Espacial"
"2663","1315","Poliedros"
"2664","1316","Análise de Tabelas e Gráficos"
"2665","1317","Análise Combinatória em Matemática"
"2666","1318","Geometria Plana"
"2667","1318","Áreas e Perímetros"
"2668","1319","Geometria Espacial"
"2669","1319","Cilindro"
"2670","1320","Aritmética e Problemas"
"2671","1320","Razão e Proporção; e Números Proporcionais"
"2672","1321","Geometria Plana"
"2673","1321","Polígonos"
"2674","1322","Geometria Espacial"
"2675","1322","Prismas"
"2676","1323","Geometria Analítica"
"2677","1323","Cônicas"
"2678","1324","Aritmética e Problemas"
"2679","1324","Sistema de Unidade de Medidas"
"2680","1325","Aritmética e Problemas"
"2681","1325","Médias"
"2682","1326","Geometria Espacial"
"2683","1326","Prismas"
"2684","1327","Funções"
"2685","1327","Função de 2º Grau ou Função Quadrática e Inequações"
"2686","1328","Geometria Espacial"
"2687","1328","Pirâmides"
"2688","1329","Funções"
"2689","1329","Função Exponencial"
"2690","1330","Funções"
"2691","1330","Logaritmos"
"2692","1331","Análise de Tabelas e Gráficos"
"2693","1332","Hereditariedade e diversidade da vida"
"2694","1332","Câncer"
"2695","1333","Física Térmica - Termologia"
"2696","1333","Calorimetria"
"2697","1334","Identidade dos seres vivos"
"2698","1334","Ecologia e ciências ambientais"
"2699","1334","Sucessão ecológica"
"2700","1334","Introdução aos estudos das Plantas"
"2702","1335","Transformações Químicas e Energia"
"2703","1335","Radioatividade: Reações de Fissão e Fusão Nuclear Desintegração Radioativa e Radioisótopos."
"2704","1336","Química Orgânica"
"2705","1336","Principais Funções Orgânicas: Hidrocarbonetos: Alcano Alceno Alcino Alcadieno Ciclos Alcano e Alceno Aromáticos. Haletos."
"2706","1336","Cadeias Carbônicas: Características e Classificações do Átomo do Carbono Tipos de Ligação e Hibridação. Tipos de Cadeias Carbônicas e Fórmulas. Séries: Homóloga Isóloga e Heteróloga."
"2707","1336","Principais Funções Orgânicas: Funções Oxigenadas: Álcool Fenol e Enol."
"2709","1337","Eletricidade"
"2711","1337","Associação de Resistores"
"2712","1338","Hidrostática"
"2713","1338","Estática e Hidrostática"
"2714","1339","Cargas Elétricas e Eletrização"
"2715","1339","Eletricidade"
"2716","1340","Relações da Química com as Tecnologias a Sociedade e o Meio Ambiente"
"2717","1341","Hereditariedade e diversidade da vida"
"2718","1342","Oscilação e Ondas"
"2719","1342","Acústica"
"2720","1343","Cinemática"
"2722","1343","Lançamento Oblíquo"
"2723","1344","Química Orgânica"
"2724","1344","Polímeros - Plásticos e Borrachas"
"2725","1345","Cargas Elétricas e Eletrização"
"2726","1345","Eletricidade"
"2727","1346","Estática - Momento da Força/Equilíbrio e Alavancas"
"2728","1346","Estática e Hidrostática"
"2729","1347","Estática e Hidrostática"
"2730","1347","Pressão"
"2731","1348","Física Térmica - Termologia"
"2732","1348","Calorimetria"
"2733","1349","Transformações Químicas"
"2734","1349","Transformações Químicas: elementos químicos tabela periódica e reações químicas"
"2735","1350","Óptica Geométrica"
"2736","1350","Ótica"
"2737","1351","Origem e evolução da vida"
"2738","1351","Evolução biológica"
"2739","1352","Química Orgânica"
"2740","1352","Polímeros - Plásticos e Borrachas"
"2741","1353","Cinemática"
"2742","1353","Movimento Retilíneo Uniformemente Variado"
"2743","1354","Identidade dos seres vivos"
"2744","1354","Vertebrados"
"2745","1355","Ecologia e ciências ambientais"
"2746","1355","Problemas ambientais e medidas de conservação"
"2747","1356","Substâncias e suas propriedades"
"2748","1356","Estudo da matéria: substâncias misturas processos de separação."
"2749","1356","Interações Atômicas: Geometria Molecular Polaridade da ligação e da Molécula Forças Intermoleculares e Número de Oxidação."
"2750","1357","Equilíbrio Químico"
"2751","1357","Sistemas Homogêneos: Constantes: Kc e Kp. Deslocamento do Equilíbrio: Fatores."
"2752","1358","Oscilação e Ondas"
"2753","1358","Acústica"
"2754","1359","Cinética Química"
"2755","1359","Velocidade de Reação Energia de Ativação Concentração Pressão Temperatura e Catalisador"
"2756","1360","Física Térmica - Termologia"
"2757","1360","1ª Lei da Termodinâmica"
"2758","1361","Identidade dos seres vivos"
"2759","1361","Sistema Digestório Humano"
"2760","1362","Origem e evolução da vida"
"2761","1362","Evolução biológica"
"2762","1363","Relações da Química com as Tecnologias a Sociedade e o Meio Ambiente"
"2763","1363","Energias Químicas no Cotidiano"
"2764","1363","Petróleo Gás Natural e Carvão Madeira Hulha Biomassa Biocombustíveis e Energia Nuclear"
"2765","1364","Substâncias e suas propriedades"
"2766","1364","Estudo da matéria: substâncias misturas processos de separação."
"2767","1365","Identidade dos seres vivos"
"2768","1365","Platelmintos e Nematódeos"
"2769","1366","Moléculas células e tecidos"
"2770","1366","Fotossíntese"
"2771","1367","Transformações Químicas"
"2772","1367","Representação das transformações químicas"
"2773","1367","Soluções e Substâncias Inorgânicas"
"2774","1367","Transformações Químicas: elementos químicos tabela periódica e reações químicas"
"2775","1367","Grandezas: massa volume mol massa molar constante de Avogadro e Estequiometria."
"2776","1367","Soluções: características tipos de concentração diluição mistura titulação e soluções coloidais."
"2778","1368","Ecologia e ciências ambientais"
"2779","1368","Problemas ambientais e medidas de conservação"
"2780","1369","Identidade dos seres vivos"
"2781","1369","Artrópodes"
"2782","1370","Hereditariedade e diversidade da vida"
"2783","1370","Câncer"
"2784","1371","Eletricidade"
"2786","1371","Resistores e Potência Elétrica"
"2787","1372","Magnetismo"
"2788","1372","Magnetismo Elementar"
"2789","1373","Ecologia e ciências ambientais"
"2790","1373","Ciclos biogeoquímicos"
"2791","1374","Transformações Químicas"
"2792","1374","Soluções e Substâncias Inorgânicas"
"2793","1374","Transformações Químicas: elementos químicos tabela periódica e reações químicas"
"2794","1374","Soluções: características tipos de concentração diluição mistura titulação e soluções coloidais."
"2796","1375","Ecologia e ciências ambientais"
"2797","1375","Problemas ambientais e medidas de conservação"
"2798","1376","Agropecuária"
"2799","1376","Agricultura brasileira"
"2800","1377","Urbanização"
"2801","1377","Urbanização brasileira"
"2802","1378","O que é a Filosofia"
"2803","1378","Filosofia e Conhecimento"
"2804","1379","História Geral"
"2805","1379","Demandas políticas e sociais no mundo atual"
"2806","1379","História do Brasil"
"2807","1379","Reconstrução Democrática: Governo Collor e o Impeachment"
"2809","1380","O que é a Filosofia"
"2810","1380","O Fazer Filosófico"
"2811","1381","Agropecuária"
"2812","1381","Questão Fundiária"
"2813","1382","O Sujeito Moderno"
"2814","1382","Teorias do Sujeito na Filosofia Moderna"
"2815","1383","Geologia"
"2816","1384","Urbanização"
"2817","1384","Noções Gerais de Urbanização"
"2818","1385","Geografia Política"
"2819","1386","Geografia Física"
"2820","1386","Hidrografia"
"2821","1386","Meio Ambiente na Geografia"
"2822","1386","Impactos e soluções nos meios natural e rural"
"2824","1387","Conceitos Filosóficos"
"2825","1387","A Razão e seus Sentidos"
"2826","1388","História Geral"
"2827","1388","Pré-História ou História Não-Escrita"
"2828","1389","Cartografia"
"2829","1389","Coordenadas Geográficas"
"2830","1390","História Geral"
"2831","1390","Medievalidade Europeia"
"2832","1390","Movimentos de Reforma Religiosa: protestantes e católicos"
"2833","1391","Agropecuária"
"2834","1391","Questão Fundiária"
"2835","1392","Estratificação e desigualdade social"
"2836","1392","Desigualdades de raça classe e gênero"
"2837","1393","Agropecuária"
"2838","1393","Agricultura brasileira"
"2839","1394","Industrialização"
"2840","1394","Indústria mundial contemporânea"
"2841","1394","Indústria brasileira"
"2842","1394","Geografia Econômica"
"2844","1395","História Geral"
"2845","1395","Antiguidade Ocidental (Gregos Romanos e Macedônios)"
"2846","1396","A Política"
"2847","1396","Os Contratualistas (Hobbes Locke e Rousseau)"
"2848","1397","História Geral"
"2849","1397","Fundamentos da História : Tempo Memória e Cultura"
"2850","1398","Geologia"
"2851","1399","Mundo do trabalho"
"2852","1399","A divisão social do trabalho"
"2853","1400","Mundo do trabalho"
"2854","1400","Mudanças na indústria: Fordismo e Taylorismo"
"2855","1401","Filosofia e a Grécia Antiga"
"2856","1401","A Metafísica de Aristóteles"
"2857","1401","Conceitos Filosóficos"
"2858","1401","Ética e Liberdade"
"2859","1401","A Política"
"2860","1401","A Política Grega (A República de Platão e a Política de Aristóteles)"
"2862","1402","História Geral"
"2863","1402","Construção do Estado Liberal: Independência das Treze Colônias (EUA)"
"2864","1402","A estruturação do Estado norte-americano : território cidadania e política"
"2865","1403","Cartografia"
"2866","1403","Projeções e Representações"
"2867","1404","Meio Ambiente na Geografia"
"2868","1404","Impactos e soluções nos meios natural e rural"
"2869","1405","O Sujeito Moderno"
"2870","1405","A Consciência e os Limites do Conhecimento"
"2871","1406","Meio Ambiente na Geografia"
"2872","1406","Impactos e soluções no meio urbano"
"2873","1407","População"
"2874","1407","População brasileira"
"2875","1407","Geografia Econômica"
"2876","1407","Regionalização Brasileira"
"2878","1408","Mundo do trabalho"
"2879","1408","A divisão social do trabalho"
"2880","1409","História Geral"
"2881","1409","Antiguidade Oriental (Egípcios Mesopotâmicos Persas Indianos e Chineses)"
"2882","1410","História Geral"
"2883","1410","Expansão Comercial a Marítima: a busca de novos mundos"
"2884","1410","Mercantilismo e a economia de Estados"
"2885","1410","História da América Latina"
"2887","1411","História Geral"
"2888","1411","Antiguidade Ocidental (Gregos Romanos e Macedônios)"
"2889","1412","História Geral"
"2890","1412","Construção do Estado Liberal: Revolução Francesa"
"2891","1413","História do Brasil"
"2892","1413","Processo de Independência: dos movimentos nativistas à libertação de Portugal"
"2893","1414","Geologia"
"2894","1415","História Geral"
"2895","1415","Antiguidade Ocidental (Gregos Romanos e Macedônios)"
"2896","1416","Geografia Física"
"2897","1416","Solo"
"2898","1416","Geologia"
"2899","1417","História Geral"
"2900","1417","Expansão Comercial a Marítima: a busca de novos mundos"
"2901","1417","História do Brasil"
"2902","1417","Período Colonial: produção de riqueza e escravismo"
"2904","1418","Amazônia"
"2905","1419","Cultura e sociedade"
"2906","1419","Etnocentrismo e diversidade cultural"
"2907","1419","Cultura e identidade nacional"
"2908","1420","Agropecuária"
"2909","1420","Agricultura brasileira"
"2910","1421","Interpretação de Textos"
"2911","1421","Noções Gerais de Compreensão e Interpretação de Texto"
"2912","1422","Interpretação de Textos"
"2913","1422","Variação Linguística"
"2914","1422","Noções Gerais de Compreensão e Interpretação de Texto"
"2915","1423","Interpretação de Textos"
"2916","1423","Noções Gerais de Compreensão e Interpretação de Texto"
"2917","1424","Interpretação de Textos"
"2918","1424","Noções Gerais de Compreensão e Interpretação de Texto"
"2919","1425","Interpretação de Textos"
"2920","1425","Noções Gerais de Compreensão e Interpretação de Texto"
"2921","1426","Interpretação de Textos"
"2922","1426","Noções Gerais de Compreensão e Interpretação de Texto"
"2923","1427","Interpretação de Textos"
"2924","1427","Noções Gerais de Compreensão e Interpretação de Texto"
"2925","1428","Interpretação de Textos"
"2926","1428","Noções Gerais de Compreensão e Interpretação de Texto"
"2927","1429","Interpretação de Textos"
"2928","1429","Noções Gerais de Compreensão e Interpretação de Texto"
"2929","1430","Interpretação de Textos"
"2930","1430","Tipologia Textual"
"2931","1431","Interpretação de Textos"
"2932","1431","Noções Gerais de Compreensão e Interpretação de Texto"
"2933","1432","Noções Gerais de Compreensão e Interpretação de Texto"
"2934","1433","Interpretação de Textos"
"2935","1433","Noções Gerais de Compreensão e Interpretação de Texto"
"2936","1434","Interpretação de Textos"
"2937","1434","Noções Gerais de Compreensão e Interpretação de Texto"
"2938","1435","Interpretação de Textos"
"2939","1435","Noções Gerais de Compreensão e Interpretação de Texto"
"2940","1436","Interpretação de Textos"
"2941","1436","Morfologia - Verbos"
"2942","1436","Formas nominais do verbo (particípio gerúndio infinitivo)"
"2943","1436","Noções Gerais de Compreensão e Interpretação de Texto"
"2945","1437","Interpretação de Textos"
"2946","1437","Noções Gerais de Compreensão e Interpretação de Texto"
"2947","1438","Interpretação de Textos"
"2948","1438","Noções Gerais de Compreensão e Interpretação de Texto"
"2949","1439","Interpretação de Textos"
"2950","1439","Noções Gerais de Compreensão e Interpretação de Texto"
"2951","1440","Interpretação de Textos"
"2952","1440","Noções Gerais de Compreensão e Interpretação de Texto"
"2953","1441","Interpretação de Textos"
"2954","1441","Variação Linguística"
"2955","1441","Problemas da língua culta"
"2956","1442","Interpretação de Textos"
"2957","1442","Funções da Linguagem: emotiva apelativa referencial metalinguística fática e poética."
"2958","1443","Interpretação de Textos"
"2959","1443","Noções Gerais de Compreensão e Interpretação de Texto"
"2960","1444","Interpretação de Textos"
"2961","1444","Noções Gerais de Compreensão e Interpretação de Texto"
"2962","1445","Interpretação de Textos"
"2963","1445","Noções Gerais de Compreensão e Interpretação de Texto"
"2964","1446","Interpretação de Textos"
"2965","1446","Noções Gerais de Compreensão e Interpretação de Texto"
"2966","1447","Interpretação de Textos"
"2967","1447","Noções Gerais de Compreensão e Interpretação de Texto"
"2968","1448","Interpretação de Textos"
"2969","1448","Noções Gerais de Compreensão e Interpretação de Texto"
"2970","1449","Interpretação de Textos"
"2971","1449","Noções Gerais de Compreensão e Interpretação de Texto"
"2972","1450","Interpretação de Textos"
"2973","1450","Noções Gerais de Compreensão e Interpretação de Texto"
"2974","1451","Interpretação de Textos"
"2975","1451","Noções Gerais de Compreensão e Interpretação de Texto"
"2976","1452","Interpretação de Textos"
"2977","1452","Noções Gerais de Compreensão e Interpretação de Texto"
"2978","1453","Interpretação de Textos"
"2979","1453","Gêneros Textuais"
"2980","1454","Interpretação de Textos"
"2981","1454","Noções Gerais de Compreensão e Interpretação de Texto"
"2982","1455","Interpretação de Textos"
"2983","1455","Noções Gerais de Compreensão e Interpretação de Texto"
"2984","1456","Interpretação de Textos"
"2985","1456","Noções Gerais de Compreensão e Interpretação de Texto"
"2986","1457","Interpretação de Textos"
"2987","1457","Noções Gerais de Compreensão e Interpretação de Texto"
"2988","1458","Pontuação"
"2989","1458","Uso das aspas"
"2990","1458","Interpretação de Textos"
"2991","1458","Figuras de Linguagem"
"2992","1458","Noções Gerais de Compreensão e Interpretação de Texto"
"2994","1459","Interpretação de Textos"
"2995","1459","Noções Gerais de Compreensão e Interpretação de Texto"
"2996","1460","Interpretação de Textos"
"2997","1460","Noções Gerais de Compreensão e Interpretação de Texto"
"2998","1461","Reading comprehension"
"2999","1462","Reading comprehension"
"3000","1463","Reading comprehension"
"3001","1464","Reading comprehension"
"3002","1465","Reading comprehension"
"3398","1656","Física Matemática"
"3399","1657","Aritmética e Problemas"
"3400","1657","Porcentagem"
"3401","1658","Geometria Espacial"
"3402","1658","Cilindro"
"3403","1659","Aritmética e Problemas"
"3404","1659","Álgebra"
"3405","1659","Problemas"
"3406","1659","Razão e Proporção; e Números Proporcionais"
"3407","1659","Análise de Tabelas e Gráficos"
"3409","1660","Probabilidade"
"3410","1661","Álgebra"
"3411","1661","Problemas"
"3412","1661","Análise de Tabelas e Gráficos"
"3413","1662","Álgebra"
"3414","1662","Problemas"
"3415","1662","Análise de Tabelas e Gráficos"
"3416","1663","Álgebra"
"3417","1663","Problemas"
"3418","1664","Aritmética e Problemas"
"3419","1664","Médias"
"3420","1665","Geometria Plana"
"3421","1665","Triângulos"
"3422","1666","Aritmética e Problemas"
"3423","1666","Razão e Proporção; e Números Proporcionais"
"3424","1667","Aritmética e Problemas"
"3425","1667","Sistema de Unidade de Medidas"
"3426","1668","Álgebra"
"3427","1668","Problemas"
"3428","1669","Aritmética e Problemas"
"3429","1669","Sistema de Unidade de Medidas"
"3430","1670","Aritmética e Problemas"
"3431","1670","Médias"
"3432","1671","Aritmética e Problemas"
"3433","1671","Médias"
"3434","1672","Probabilidade"
"3435","1673","Análise de Tabelas e Gráficos"
"3436","1674","Álgebra"
"3437","1674","Problemas"
"3438","1675","Geometria Espacial"
"3439","1675","Poliedros"
"3440","1675","Pirâmides"
"3441","1676","Análise Combinatória em Matemática"
"3442","1677","Análise Combinatória em Matemática"
"3443","1678","Física Matemática"
"3444","1679","Aritmética e Problemas"
"3445","1679","Porcentagem"
"3446","1680","Álgebra"
"3447","1680","Problemas"
"3448","1681","Álgebra"
"3449","1681","Problemas"
"3450","1682","Matemática Financeira"
"3451","1683","Álgebra"
"3452","1683","Problemas"
"3453","1684","Álgebra"
"3454","1684","Problemas"
"3455","1685","Geometria Plana"
"3456","1685","Áreas e Perímetros"
"3457","1686","Análise de Tabelas e Gráficos"
"3458","1687","Aritmética e Problemas"
"3459","1687","Razão e Proporção; e Números Proporcionais"
"3460","1688","Matrizes"
"3461","1688","Álgebra Linear"
"3462","1689","Álgebra"
"3463","1689","Problemas"
"3464","1689","Análise de Tabelas e Gráficos"
"3465","1690","Geometria Plana"
"3466","1690","Áreas e Perímetros"
"3467","1690","Circunferências e Círculos"
"3468","1691","Álgebra"
"3469","1691","Problemas"
"3470","1692","Aritmética e Problemas"
"3471","1692","Sistema de Unidade de Medidas"
"3472","1693","Raciocínio Lógico"
"3473","1694","Análise de Tabelas e Gráficos"
"3474","1695","Aritmética e Problemas"
"3475","1695","Porcentagem"
"3476","1696","Raciocínio Lógico"
"3478","1698","Análise de Tabelas e Gráficos"
"3479","1699","Análise Combinatória em Matemática"
"3480","1700","Álgebra"
"3481","1700","Problemas"
"3482","1701","Cinemática"
"3483","1702","Moléculas células e tecidos"
"3484","1702","Estrutura e fisiologia da Membrana Plasmática"
"3485","1703","Soluções e Substâncias Inorgânicas"
"3486","1703","Soluções: características tipos de concentração diluição mistura titulação e soluções coloidais."
"3487","1704","Óptica Geométrica"
"3488","1704","Ótica"
"3489","1705","Representação das transformações químicas"
"3490","1705","Grandezas: massa volume mol massa molar constante de Avogadro e Estequiometria."
"3491","1705","Técnicas de Laboratório"
"3492","1705","Equipamentos e Técnicas Básicas"
"3494","1706","Identidade dos seres vivos"
"3495","1706","Sistema Excretor Humano"
"3496","1707","Ótica"
"3497","1707","Reflexão"
"3498","1708","Identidade dos seres vivos"
"3499","1708","Gimnospermas e Angiospermas"
"3500","1709","Química Orgânica"
"3501","1709","Tipos de Reações Orgânicas: Oxidação Redução e Polimerização."
"3502","1709","Polímeros - Plásticos e Borrachas"
"3503","1710","Ecologia e ciências ambientais"
"3504","1710","Sucessão ecológica"
"3505","1711","Transformações Químicas e Energia"
"3506","1711","Termoquímica: Energia Calorífica Calor de reação Entalpia Equações e Lei de Hess."
"3507","1712","Física Térmica - Termologia"
"3508","1712","Calorimetria"
"3509","1713","Transformações Químicas e Energia"
"3510","1713","Eletroquímica: Oxirredução Potenciais Padrão de Redução Pilha Eletrólise e Leis de Faraday."
"3511","1713","Química Orgânica"
"3512","1713","Tipos de Reações Orgânicas: Substituição Adição e Eliminação."
"3513","1713","Tipos de Reações Orgânicas: Oxidação Redução e Polimerização."
"3515","1714","Física Térmica - Termologia"
"3516","1714","Calorimetria"
"3517","1715","Identidade dos seres vivos"
"3518","1715","Sistema Circulatório Humano"
"3519","1716","Cinemática"
"3520","1716","MCU - Movimento Circular Uniforme"
"3521","1717","Transformações Químicas"
"3522","1717","Teoria Atômica: átomos e sua estrutura - número atômico número de massa isótopos massa atômica"
"3523","1717","Transformações Químicas: elementos químicos tabela periódica e reações químicas"
"3524","1718","Identidade dos seres vivos"
"3525","1718","Artrópodes"
"3526","1719","Estática - Momento da Força/Equilíbrio e Alavancas"
"3527","1719","Estática e Hidrostática"
"3528","1720","Transformações Químicas"
"3529","1720","Teoria Atômica: Modelo atômico de Dalton Thomson Rutherford Rutherford-Bohr"
"3530","1720","Teoria Atômica: átomos e sua estrutura - número atômico número de massa isótopos massa atômica"
"3531","1721","Ecologia e ciências ambientais"
"3532","1721","Problemas ambientais e medidas de conservação"
"3533","1722","Transformações Químicas e Energia"
"3534","1722","Eletroquímica: Oxirredução Potenciais Padrão de Redução Pilha Eletrólise e Leis de Faraday."
"3535","1723","Física Térmica - Termologia"
"3536","1723","Temperatura e Escalas Termométricas"
"3537","1724","Moléculas células e tecidos"
"3538","1724","Estrutura e fisiologia da Membrana Plasmática"
"3539","1725","Ecologia e ciências ambientais"
"3540","1725","Problemas ambientais e medidas de conservação"
"3541","1726","Identidade dos seres vivos"
"3542","1726","Vírus e bactérias"
"3543","1727","Magnetismo"
"3544","1727","Magnetismo Elementar"
"3545","1728","Química Orgânica"
"3546","1728","Propriedades Físicas dos Compostos Orgânicos: Polaridade das Ligações e Moléculas Forças Intermoleculares Ponto de Fusão e Ponto de Ebulição Solubilização das Substâncias Orgânicas."
"3547","1729","Impulso e Quantidade de Movimento"
"3548","1729","Dinâmica"
"3549","1730","Hereditariedade e diversidade da vida"
"3550","1730","Introdução à genética: 1ª e 2ª leis de Mendel"
"3551","1731","Ecologia e ciências ambientais"
"3552","1731","Problemas ambientais e medidas de conservação"
"3553","1732","Ecologia e ciências ambientais"
"3554","1732","Problemas ambientais e medidas de conservação"
"3555","1733","Ótica"
"3556","1734","Ecologia e ciências ambientais"
"3557","1734","Relações ecológicas"
"3558","1735","Química Orgânica"
"3559","1735","Cadeias Carbônicas: Características e Classificações do Átomo do Carbono Tipos de Ligação e Hibridação. Tipos de Cadeias Carbônicas e Fórmulas. Séries: Homóloga Isóloga e Heteróloga."
"3560","1735","Isomeria: Isomeria Espacial: Isomeria Geométrica (cis-trans) e Isomeria Óptica."
"3561","1736","Estática e Hidrostática"
"3562","1736","Pressão"
"3563","1737","Moléculas células e tecidos"
"3564","1737","Identidade dos seres vivos"
"3565","1737","Estudo dos tecidos"
"3566","1738","Relações da Química com as Tecnologias a Sociedade e o Meio Ambiente"
"3567","1739","Energia Mecânica e sua Conservação"
"3568","1739","Dinâmica"
"3569","1740","Identidade dos seres vivos"
"3570","1740","Platelmintos e Nematódeos"
"3571","1741","Magnetismo"
"3572","1741","Magnetismo Elementar"
"3573","1742","Transformações Químicas e Energia"
"3574","1742","Eletroquímica: Oxirredução Potenciais Padrão de Redução Pilha Eletrólise e Leis de Faraday."
"3575","1743","Transformações Químicas"
"3576","1743","Teoria Atômica: Modelo atômico de Dalton Thomson Rutherford Rutherford-Bohr"
"3577","1744","Moléculas células e tecidos"
"3578","1744","Introdução ao metabolismo energético"
"3579","1745","Cargas Elétricas e Eletrização"
"3580","1745","Eletricidade"
"3581","1746","Geografia Econômica"
"3582","1747","Cartografia"
"3583","1747","Coordenadas Geográficas"
"3584","1748","População"
"3585","1748","Migrações"
"3586","1748","Conceitos Demográficos"
"3587","1750","História Geral"
"3588","1750","Ocupação de novos territórios: Colonialismo"
"3589","1751","História da América Latina"
"3590","1752","História Geral"
"3591","1752","Período Entre-Guerras: Totalitarismos"
"3592","1753","Globalização"
"3593","1754","História do Brasil"
"3594","1754","República de 1954 a 1964"
"3595","1755","História do Brasil"
"3596","1755","Período Colonial: produção de riqueza e escravismo"
"3597","1756","História do Brasil"
"3598","1756","República Oligárquica - 1889 a 1930"
"3599","1757","História Geral"
"3600","1757","Antiguidade Ocidental (Gregos Romanos e Macedônios)"
"3601","1758","A Política"
"3602","1760","História Geral"
"3603","1760","Período Entre-Guerras: Totalitarismos"
"3604","1761","Meio ambiente e sociedade"
"3605","1761","Natureza e sociedade"
"3606","1762","Relação entre Indivíduo e Sociedade"
"3607","1763","História Geral"
"3608","1763","Movimentos de Reforma Religiosa: protestantes e católicos"
"3609","1764","História do Brasil"
"3610","1764","Brasil Monárquico – Primeiro Reinado 1822- 1831"
"3611","1765","Geografia Econômica"
"3612","1765","Geografia Política"
"3613","1766","Cultura e sociedade"
"3614","1766","Cultura de massa e indústria cultural"
"3615","1767","Agropecuária"
"3616","1768","Geografia Econômica"
"3617","1769","Conceitos Filosóficos"
"3618","1769","Razão: Inata ou Adquirida?"
"3619","1770","Cultura e sociedade"
"3620","1771","A Política"
"3621","1771","Maquiavel e O Príncipe"
"3622","1772","O Sujeito Moderno"
"3623","1774","História do Brasil"
"3624","1774","Reconstrução Democrática: Governos Lula e Dilma – (PT no poder)"
"3625","1775","Geografia Política"
"3626","1776","Urbanização"
"3627","1777","Geologia"
"3628","1778","A Experiência do Sagrado"
"3629","1779","Geografia Física"
"3630","1779","Clima"
"3631","1780","Industrialização"
"3632","1780","Indústria mundial contemporânea"
"3633","1781","História do Brasil"
"3634","1781","Processo de Independência: dos movimentos nativistas à libertação de Portugal"
"3635","1782","História Geral"
"3636","1782","Construção de Estados e o Absolutismo"
"3637","1783","Geografia Econômica"
"3638","1783","Geografia Política"
"3639","1784","Geografia Econômica"
"3640","1785","O processo de socialização"
"3641","1786","Cultura e sociedade"
"3642","1787","Agropecuária"
"3643","1787","Modernização Agrícola"
"3644","1788","Conceitos Filosóficos"
"3645","1788","Ontologia e a Natureza do ser"
"3646","1789","Geografia Física"
"3647","1789","Clima"
"3649","1790","Meio Ambiente na Geografia"
"3650","1791","Interpretação de Textos"
"3651","1791","Noções Gerais de Compreensão e Interpretação de Texto"
"3652","1792","Interpretação de Textos"
"3653","1792","Noções Gerais de Compreensão e Interpretação de Texto"
"3654","1793","Interpretação de Textos"
"3655","1793","Noções Gerais de Compreensão e Interpretação de Texto"
"3656","1793","Gêneros Textuais"
"3657","1794","Interpretação de Textos"
"3658","1794","Noções Gerais de Compreensão e Interpretação de Texto"
"3659","1795","Interpretação de Textos"
"3660","1795","Noções Gerais de Compreensão e Interpretação de Texto"
"3661","1796","Modernismo"
"3662","1796","Escolas Literárias"
"3663","1797","Interpretação de Textos"
"3664","1797","Noções Gerais de Compreensão e Interpretação de Texto"
"3665","1798","Interpretação de Textos"
"3666","1798","Noções Gerais de Compreensão e Interpretação de Texto"
"3667","1799","Interpretação de Textos"
"3668","1799","Noções Gerais de Compreensão e Interpretação de Texto"
"3669","1800","Interpretação de Textos"
"3670","1800","Noções Gerais de Compreensão e Interpretação de Texto"
"3671","1802","Interpretação de Textos"
"3672","1802","Noções Gerais de Compreensão e Interpretação de Texto"
"3673","1803","Interpretação de Textos"
"3674","1803","Noções Gerais de Compreensão e Interpretação de Texto"
"3675","1804","Interpretação de Textos"
"3676","1804","Noções Gerais de Compreensão e Interpretação de Texto"
"3677","1805","Interpretação de Textos"
"3678","1805","Noções Gerais de Compreensão e Interpretação de Texto"
"3679","1806","Interpretação de Textos"
"3680","1806","Noções Gerais de Compreensão e Interpretação de Texto"
"3681","1807","Interpretação de Textos"
"3682","1807","Noções Gerais de Compreensão e Interpretação de Texto"
"3683","1808","Interpretação de Textos"
"3684","1808","Noções Gerais de Compreensão e Interpretação de Texto"
"3685","1809","Interpretação de Textos"
"3686","1809","Noções Gerais de Compreensão e Interpretação de Texto"
"3687","1810","Interpretação de Textos"
"3688","1810","Noções Gerais de Compreensão e Interpretação de Texto"
"3689","1811","Interpretação de Textos"
"3690","1811","Noções Gerais de Compreensão e Interpretação de Texto"
"3691","1812","Interpretação de Textos"
"3692","1812","Gêneros Textuais"
"3693","1813","Interpretação de Textos"
"3694","1813","Noções Gerais de Compreensão e Interpretação de Texto"
"3695","1814","Interpretação de Textos"
"3696","1814","Noções Gerais de Compreensão e Interpretação de Texto"
"3697","1815","Interpretação de Textos"
"3698","1815","Noções Gerais de Compreensão e Interpretação de Texto"
"3699","1816","Interpretação de Textos"
"3700","1816","Noções Gerais de Compreensão e Interpretação de Texto"
"3701","1817","Interpretação de Textos"
"3702","1817","Noções Gerais de Compreensão e Interpretação de Texto"
"3703","1818","Interpretação de Textos"
"3704","1818","Noções Gerais de Compreensão e Interpretação de Texto"
"3705","1819","Interpretação de Textos"
"3706","1819","Noções Gerais de Compreensão e Interpretação de Texto"
"3707","1820","Interpretação de Textos"
"3708","1820","Noções Gerais de Compreensão e Interpretação de Texto"
"3709","1821","Interpretação de Textos"
"3710","1821","Funções da Linguagem: emotiva apelativa referencial metalinguística fática e poética."
"3711","1822","Interpretação de Textos"
"3712","1822","Noções Gerais de Compreensão e Interpretação de Texto"
"3713","1823","Interpretação de Textos"
"3714","1823","Noções Gerais de Compreensão e Interpretação de Texto"
"3715","1824","Interpretação de Textos"
"3716","1824","Noções Gerais de Compreensão e Interpretação de Texto"
"3717","1825","Interpretação de Textos"
"3718","1825","Noções Gerais de Compreensão e Interpretação de Texto"
"3719","1826","Interpretação de Textos"
"3720","1826","Noções Gerais de Compreensão e Interpretação de Texto"
"3721","1827","Interpretação de Textos"
"3722","1827","Noções Gerais de Compreensão e Interpretação de Texto"
"3723","1828","Interpretação de Textos"
"3724","1828","Noções Gerais de Compreensão e Interpretação de Texto"
"3725","1829","Interpretação de Textos"
"3726","1829","Noções Gerais de Compreensão e Interpretação de Texto"
"3727","1830","Interpretação de Textos"
"3728","1830","Noções Gerais de Compreensão e Interpretação de Texto"
"3729","1831","Reading comprehension"
"3730","1832","Reading comprehension"
"3731","1833","Reading comprehension"
"3732","1834","Reading comprehension"
"3733","1835","Reading comprehension"
"3734","1836","Interpretação de Texto | Comprensión de Lectura"
"3735","1837","Interpretação de Texto | Comprensión de Lectura"
"3736","1838","Interpretação de Texto | Comprensión de Lectura"
"3737","1839","Interpretação de Texto | Comprensión de Lectura"
"3738","1839","Vocabulário | Vocabulario"
"3739","1839","Significação Contextual de Palavras e Expressões | Significacción Contextual de Palabras y Expresiones"
"3740","1840","Interpretação de Texto | Comprensión de Lectura"
"4120","2001","Raciocínio Lógico"
"4199","2046","Geometria Plana"
"4200","2046","Geometria Espacial"
"4201","2046","Cilindro"
"4202","2046","Relações Trigonométricas no Triângulo Retângulo Leis dos Senos e Cossenos."
"4204","2047","Geometria Plana"
"4205","2047","Relações Métricas no Triângulo Retângulo"
"4206","2048","Sistemas Lineares"
"4207","2048","Álgebra Linear"
"4208","2049","Aritmética e Problemas"
"4209","2049","Porcentagem"
"4210","2049","Análise de Tabelas e Gráficos"
"4211","2050","Álgebra"
"4212","2050","Problemas"
"4213","2050","Análise de Tabelas e Gráficos"
"4214","2051","Álgebra"
"4215","2051","Problemas"
"4216","2052","Funções"
"4218","2052","Logaritmos"
"4219","2052","Progressões"
"4220","2052","Progressão Geométrica - PG"
"4222","2053","Geometria Plana"
"4223","2053","Triângulos"
"4224","2053","Relações Métricas no Triângulo Retângulo"
"4225","2054","Raciocínio Lógico"
"4226","2055","Geometria Plana"
"4227","2055","Raciocínio Lógico"
"4228","2055","Ângulos - Lei Angular de Thales"
"4229","2056","Trigonometria"
"4230","2056","Funções Trigonométricas e Funções Trigonométricas Inversas"
"4231","2057","Aritmética e Problemas"
"4232","2057","Razão e Proporção; e Números Proporcionais"
"4233","2058","Aritmética e Problemas"
"4234","2058","Porcentagem"
"4235","2058","Análise de Tabelas e Gráficos"
"4236","2059","Probabilidade"
"4237","2060","Aritmética e Problemas"
"4238","2060","Médias"
"4239","2060","Porcentagem"
"4240","2061","Análise Combinatória em Matemática"
"4241","2062","Raciocínio Lógico"
"4242","2063","Álgebra"
"4243","2063","Problemas"
"4244","2064","Álgebra"
"4245","2064","Problemas"
"4246","2065","Análise de Tabelas e Gráficos"
"4247","2066","Geometria Espacial"
"4248","2066","Prismas"
"4249","2067","Geometria Plana"
"4250","2067","Áreas e Perímetros"
"4251","2068","Aritmética e Problemas"
"4252","2068","Razão e Proporção; e Números Proporcionais"
"4253","2069","Probabilidade"
"4254","2070","Geometria Plana"
"4255","2070","Triângulos"
"4257","2071","Probabilidade"
"4258","2072","Geometria Plana"
"4259","2072","Circunferências e Círculos"
"4260","2073","Geometria Analítica"
"4261","2073","Pontos e Retas"
"4262","2074","Aritmética e Problemas"
"4263","2074","Razão e Proporção; e Números Proporcionais"
"4264","2075","Probabilidade"
"4265","2076","Aritmética e Problemas"
"4266","2076","Porcentagem"
"4267","2077","Álgebra"
"4268","2077","Problemas"
"4269","2078","Aritmética e Problemas"
"4270","2078","Porcentagem"
"4271","2078","Análise de Tabelas e Gráficos"
"4272","2079","Aritmética e Problemas"
"4273","2079","Médias"
"4274","2080","Aritmética e Problemas"
"4275","2080","Médias"
"4276","2080","Análise de Tabelas e Gráficos"
"4277","2081","Aritmética e Problemas"
"4278","2081","Raciocínio Lógico"
"4279","2081","Sistemas de Numeração e Operações Fundamentais"
"4280","2082","Aritmética e Problemas"
"4281","2082","Razão e Proporção; e Números Proporcionais"
"4282","2082","Regra de Três"
"4283","2083","Aritmética e Problemas"
"4284","2083","Geometria Analítica"
"4285","2083","Razão e Proporção; e Números Proporcionais"
"4286","2083","Pontos e Retas"
"4288","2084","Progressões"
"4289","2084","Progressão Aritmética - PA"
"4290","2085","Geometria Espacial"
"4291","2085","Cilindro"
"4292","2086","Geometria Plana"
"4293","2086","Circunferências e Círculos"
"4294","2087","Geometria Analítica"
"4295","2087","Circunferências"
"4296","2088","Funções"
"4297","2088","Logaritmos"
"4298","2088","Matemática Financeira"
"4299","2089","Matrizes"
"4300","2089","Álgebra Linear"
"4301","2090","Ecologia e ciências ambientais"
"4302","2090","Ciclos biogeoquímicos"
"4303","2091","Estática e Hidrostática"
"4304","2091","Pressão"
"4305","2092","Identidade dos seres vivos"
"4306","2092","Artrópodes"
"4307","2093","Representação das transformações químicas"
"4308","2093","Química Orgânica"
"4309","2093","Fórmulas Balanceamento e Leis ponderais das reações químicas"
"4310","2093","Principais Funções Orgânicas: Hidrocarbonetos: Alcano Alceno Alcino Alcadieno Ciclos Alcano e Alceno Aromáticos. Haletos."
"4311","2093","Principais Funções Orgânicas: Funções Nitrogenadas: Amina Amida Nitrila Isonitrila e Nitro Composto."
"4312","2093","Cadeias Carbônicas: Características e Classificações do Átomo do Carbono Tipos de Ligação e Hibridação. Tipos de Cadeias Carbônicas e Fórmulas. Séries: Homóloga Isóloga e Heteróloga."
"4313","2093","Principais Funções Orgânicas: Funções Oxigenadas: Álcool Fenol e Enol."
"4314","2093","Principais Funções Orgânicas: Funções Oxigenadas: Cetona Aldeído Éter Éster Ácido Carboxílico Anidrido Orgânico e Cloreto de Ácido."
"4316","2094","Energia Mecânica e sua Conservação"
"4317","2094","Dinâmica"
"4318","2095","Substâncias e suas propriedades"
"4319","2095","Química Orgânica"
"4320","2095","Interações Atômicas: Geometria Molecular Polaridade da ligação e da Molécula Forças Intermoleculares e Número de Oxidação."
"4321","2095","Cadeias Carbônicas: Características e Classificações do Átomo do Carbono Tipos de Ligação e Hibridação. Tipos de Cadeias Carbônicas e Fórmulas. Séries: Homóloga Isóloga e Heteróloga."
"4323","2096","Ondas e Propriedades Ondulatórias"
"4324","2096","Oscilação e Ondas"
"4325","2097","Leis de Newton"
"4326","2097","Dinâmica"
"4327","2098","Hereditariedade e diversidade da vida"
"4328","2099","Química Orgânica"
"4329","2099","Relações da Química com as Tecnologias a Sociedade e o Meio Ambiente"
"4330","2099","Cadeias Carbônicas: Características e Classificações do Átomo do Carbono Tipos de Ligação e Hibridação. Tipos de Cadeias Carbônicas e Fórmulas. Séries: Homóloga Isóloga e Heteróloga."
"4331","2100","Óptica Geométrica"
"4332","2100","Ótica"
"4333","2101","Energias Químicas no Cotidiano"
"4334","2101","Petróleo Gás Natural e Carvão Madeira Hulha Biomassa Biocombustíveis e Energia Nuclear"
"4335","2102","Relações da Química com as Tecnologias a Sociedade e o Meio Ambiente"
"4336","2103","Energia Mecânica e sua Conservação"
"4337","2103","Cinemática"
"4338","2103","Fundamentos da Cinemática"
"4339","2103","Dinâmica"
"4341","2104","Substâncias e suas propriedades"
"4342","2104","Interações Atômicas: Ligações Iônicas Ligações Covalentes e Ligações Metálicas. Ligas Metálicas."
"4343","2104","Equilíbrio Químico"
"4344","2104","Sistemas Homogêneos: Equilíbrio Químico na Água: pH e pOH Indicadores Ácido-Base Solução Tampão."
"4346","2105","Circuitos Elétricos e Leis de Kirchhoff"
"4347","2105","Oscilação e Ondas"
"4348","2105","Acústica"
"4349","2105","Eletricidade"
"4351","2106","Identidade dos seres vivos"
"4352","2106","Platelmintos e Nematódeos"
"4353","2107","Substâncias e suas propriedades"
"4354","2107","Interações Atômicas: Ligações Iônicas Ligações Covalentes e Ligações Metálicas. Ligas Metálicas."
"4355","2108","Moléculas células e tecidos"
"4356","2108","Uma visão geral da célula"
"4357","2109","Transformações Químicas e Energia"
"4358","2109","Eletroquímica: Oxirredução Potenciais Padrão de Redução Pilha Eletrólise e Leis de Faraday."
"4359","2110","Circuitos Elétricos e Leis de Kirchhoff"
"4360","2110","Eletricidade"
"4361","2111","Transformações Químicas e Energia"
"4362","2111","Termoquímica: Energia Calorífica Calor de reação Entalpia Equações e Lei de Hess."
"4363","2112","Problemas ambientais e medidas de conservação"
"4364","2113","Circuitos Elétricos e Leis de Kirchhoff"
"4365","2113","Eletricidade"
"4366","2114","Identidade dos seres vivos"
"4367","2114","Introdução aos estudos das Plantas"
"4368","2115","Moléculas células e tecidos"
"4369","2115","Núcleo interfásico e código genético"
"4370","2116","Química Orgânica"
"4371","2116","Tipos de Reagentes e Mecanismos das Reações Orgânicas."
"4372","2117","Circuitos Elétricos e Leis de Kirchhoff"
"4373","2117","Eletricidade"
"4374","2118","Moléculas células e tecidos"
"4375","2119","Origem e evolução da vida"
"4376","2119","Evolução biológica"
"4377","2120","Transformações Químicas"
"4378","2120","Transformações Químicas: elementos químicos tabela periódica e reações químicas"
"4379","2121","Leis de Newton"
"4380","2121","Dinâmica"
"4381","2122","Oscilação e Ondas"
"4382","2122","Acústica"
"4383","2123","Transformações Químicas e Energia"
"4384","2123","Eletroquímica: Oxirredução Potenciais Padrão de Redução Pilha Eletrólise e Leis de Faraday."
"4385","2123","Equilíbrio Químico"
"4386","2123","Sistemas Homogêneos: Constantes: Kc e Kp. Deslocamento do Equilíbrio: Fatores."
"4387","2123","Sistemas Homogêneos: Solubilidade dos Sais Hidrólise dos Sais e Curvas de Titulação."
"4389","2124","Biomas brasileiros"
"4390","2125","Hereditariedade e diversidade da vida"
"4391","2125","Câncer"
"4392","2126","Representação das transformações químicas"
"4393","2126","Substâncias e suas propriedades"
"4394","2126","Fórmulas Balanceamento e Leis ponderais das reações químicas"
"4395","2126","Estudo da matéria: substâncias misturas processos de separação."
"4397","2127","Ecologia e ciências ambientais"
"4398","2127","Problemas ambientais e medidas de conservação"
"4399","2128","Magnetismo"
"4400","2128","Indução e Transformadores Elétricos"
"4401","2129","Identidade dos seres vivos"
"4402","2129","Sistema Digestório Humano"
"4403","2130","Representação das transformações químicas"
"4404","2130","Grandezas: massa volume mol massa molar constante de Avogadro e Estequiometria."
"4405","2131","Moléculas células e tecidos"
"4406","2131","Introdução ao metabolismo energético"
"4407","2132","Transformações Químicas e Energia"
"4408","2132","Eletroquímica: Oxirredução Potenciais Padrão de Redução Pilha Eletrólise e Leis de Faraday."
"4409","2133","Representação das transformações químicas"
"4410","2133","Transformações Químicas e Energia"
"4411","2133","Termoquímica: Energia Calorífica Calor de reação Entalpia Equações e Lei de Hess."
"4412","2133","Grandezas: massa volume mol massa molar constante de Avogadro e Estequiometria."
"4414","2134","Substâncias e suas propriedades"
"4415","2134","Interações Atômicas: Ligações Iônicas Ligações Covalentes e Ligações Metálicas. Ligas Metálicas."
"4416","2134","Química Orgânica"
"4417","2134","Isomeria: Isomeria Plana: Cadeia Posição Compensação Função e Tautomeria."
"4418","2134","Isomeria: Isomeria Espacial: Isomeria Geométrica (cis-trans) e Isomeria Óptica."
"4420","2136","Meio Ambiente na Geografia"
"4421","2136","Impactos e soluções nos meios natural e rural"
"4422","2137","Meio Ambiente na Geografia"
"4423","2137","Impactos e soluções nos meios natural e rural"
"4424","2138","Estratificação e desigualdade social"
"4425","2138","Desigualdades de raça classe e gênero"
"4426","2139","Agropecuária"
"4427","2139","Agricultura brasileira"
"4428","2141","História do Brasil"
"4429","2141","República Oligárquica - 1889 a 1930"
"4430","2142","Conceitos Filosóficos"
"4431","2142","Ontologia e a Natureza do ser"
"4432","2143","Meio Ambiente na Geografia"
"4433","2143","Impactos e soluções nos meios natural e rural"
"4434","2143","Mudanças climáticas"
"4435","2144","Globalização"
"4436","2145","Geografia Econômica"
"4437","2146","Filosofia e a Grécia Antiga"
"4438","2147","História do Brasil"
"4439","2147","Era Vargas – 1930-1954"
"4440","2148","Meio Ambiente na Geografia"
"4441","2148","Mudanças climáticas"
"4442","2149","História do Brasil"
"4443","2149","República Oligárquica - 1889 a 1930"
"4444","2150","População"
"4445","2150","Conceitos Demográficos"
"4446","2151","História do Brasil"
"4448","2151","Era Vargas – 1930-1954"
"4449","2152","Geografia Econômica"
"4450","2153","Geografia Física"
"4451","2153","Vegetação"
"4452","2154","História do Brasil"
"4453","2154","República Oligárquica - 1889 a 1930"
"4454","2155","História Geral"
"4455","2155","Demandas políticas e sociais no mundo atual"
"4456","2156","História do Brasil"
"4457","2156","República Autoritária : 1964- 1984"
"4458","2157","História Geral"
"4459","2157","Imperialismo e Colonialismo do século XIX"
"4460","2158","Urbanização"
"4461","2158","Noções Gerais de Urbanização"
"4462","2159","História Geral"
"4463","2160","Globalização"
"4464","2161","História do Brasil"
"4465","2161","Período Colonial: produção de riqueza e escravismo"
"4466","2162","Geografia Física"
"4467","2162","Clima"
"4468","2164","História do Brasil"
"4469","2164","República de 1954 a 1964"
"4470","2165","História Geral"
"4471","2165","Questões Internacionais: história do tempo presente"
"4472","2165","Demandas políticas e sociais no mundo atual"
"4473","2166","História do Brasil"
"4474","2166","Período Colonial: produção de riqueza e escravismo"
"4475","2167","História do Brasil"
"4476","2167","República de 1954 a 1964"
"4477","2168","História do Brasil"
"4478","2168","Brasil Monárquico – Segundo Reinado 1831- 1889"
"4479","2169","Cartografia"
"4480","2169","Projeções e Representações"
"4481","2170","Geografia Política"
"4482","2171","História do Brasil"
"4483","2171","Mercantilismo Colonialismo e a ocupação portuguesa no Brasil"
"4484","2172","Urbanização"
"4485","2172","Urbanização brasileira"
"4486","2173","A Política"
"4487","2173","Os Contratualistas (Hobbes Locke e Rousseau)"
"4488","2174","A Experiência do Sagrado"
"4489","2174","Provas da Existência Divina: Ontologia Cosmologia e Teleologia"
"4490","2175","História Geral"
"4491","2176","Conceitos Filosóficos"
"4492","2176","A Razão e seus Sentidos"
"4493","2177","História Geral"
"4494","2177","Demandas políticas e sociais no mundo atual"
"4495","2178","História Geral"
"4496","2178","Expansão Comercial a Marítima: a busca de novos mundos"
"4497","2179","História Geral"
"4498","2179","Imperialismo e Colonialismo do século XIX"
"4499","2180","Interpretação de Textos"
"4500","2180","Noções Gerais de Compreensão e Interpretação de Texto"
"4501","2181","Interpretação de Textos"
"4502","2181","Noções Gerais de Compreensão e Interpretação de Texto"
"4503","2182","Interpretação de Textos"
"4504","2182","Noções Gerais de Compreensão e Interpretação de Texto"
"4505","2183","Interpretação de Textos"
"4506","2183","Noções Gerais de Compreensão e Interpretação de Texto"
"4507","2184","Morfologia - Verbos"
"4508","2184","Formação do imperativo"
"4509","2185","Interpretação de Textos"
"4510","2185","Noções Gerais de Compreensão e Interpretação de Texto"
"4511","2186","Interpretação de Textos"
"4512","2186","Noções Gerais de Compreensão e Interpretação de Texto"
"4513","2187","Interpretação de Textos"
"4514","2187","Noções Gerais de Compreensão e Interpretação de Texto"
"4515","2188","Interpretação de Textos"
"4516","2188","Noções Gerais de Compreensão e Interpretação de Texto"
"4518","2189","Interpretação de Textos"
"4519","2189","Noções Gerais de Compreensão e Interpretação de Texto"
"4520","2190","Interpretação de Textos"
"4521","2190","Noções Gerais de Compreensão e Interpretação de Texto"
"4522","2191","Interpretação de Textos"
"4523","2191","Noções Gerais de Compreensão e Interpretação de Texto"
"4524","2192","Interpretação de Textos"
"4525","2192","Gêneros Textuais"
"4526","2193","Interpretação de Textos"
"4527","2193","Noções Gerais de Compreensão e Interpretação de Texto"
"4528","2194","Interpretação de Textos"
"4529","2194","Noções Gerais de Compreensão e Interpretação de Texto"
"4530","2195","Interpretação de Textos"
"4531","2195","Noções Gerais de Compreensão e Interpretação de Texto"
"4532","2196","Interpretação de Textos"
"4533","2196","Noções Gerais de Compreensão e Interpretação de Texto"
"4534","2197","Interpretação de Textos"
"4535","2197","Noções Gerais de Compreensão e Interpretação de Texto"
"4536","2198","Interpretação de Textos"
"4537","2198","Noções Gerais de Compreensão e Interpretação de Texto"
"4538","2199","Interpretação de Textos"
"4539","2199","Noções Gerais de Compreensão e Interpretação de Texto"
"4540","2200","Interpretação de Textos"
"4541","2200","Noções Gerais de Compreensão e Interpretação de Texto"
"4542","2201","Interpretação de Textos"
"4543","2201","Funções da Linguagem: emotiva apelativa referencial metalinguística fática e poética."
"4544","2201","Gêneros Textuais"
"4545","2202","Interpretação de Textos"
"4546","2202","Noções Gerais de Compreensão e Interpretação de Texto"
"4547","2203","Interpretação de Textos"
"4548","2203","Noções Gerais de Compreensão e Interpretação de Texto"
"4549","2204","Interpretação de Textos"
"4550","2204","Noções Gerais de Compreensão e Interpretação de Texto"
"4551","2205","Interpretação de Textos"
"4552","2205","Noções Gerais de Compreensão e Interpretação de Texto"
"4553","2206","Interpretação de Textos"
"4554","2206","Noções Gerais de Compreensão e Interpretação de Texto"
"4555","2207","Interpretação de Textos"
"4556","2207","Noções Gerais de Compreensão e Interpretação de Texto"
"4557","2208","Interpretação de Textos"
"4558","2208","Noções Gerais de Compreensão e Interpretação de Texto"
"4559","2209","Interpretação de Textos"
"4560","2209","Noções Gerais de Compreensão e Interpretação de Texto"
"4561","2210","Interpretação de Textos"
"4562","2210","Noções Gerais de Compreensão e Interpretação de Texto"
"4563","2211","Interpretação de Textos"
"4564","2211","Noções Gerais de Compreensão e Interpretação de Texto"
"4565","2212","Interpretação de Textos"
"4566","2212","Noções Gerais de Compreensão e Interpretação de Texto"
"4567","2213","Interpretação de Textos"
"4568","2213","Noções Gerais de Compreensão e Interpretação de Texto"
"4569","2214","Interpretação de Textos"
"4570","2214","Noções Gerais de Compreensão e Interpretação de Texto"
"4571","2215","Interpretação de Textos"
"4572","2215","Noções Gerais de Compreensão e Interpretação de Texto"
"4573","2216","Interpretação de Textos"
"4574","2216","Noções Gerais de Compreensão e Interpretação de Texto"
"4575","2217","Interpretação de Textos"
"4576","2217","Noções Gerais de Compreensão e Interpretação de Texto"
"4577","2218","Interpretação de Textos"
"4578","2218","Noções Gerais de Compreensão e Interpretação de Texto"
"4579","2219","Interpretação de Textos"
"4580","2219","Noções Gerais de Compreensão e Interpretação de Texto"
"4581","2220","Interpretação de texto | Reading comprehension"
"4582","2221","Interpretação de texto | Reading comprehension"
"4583","2222","Interpretação de texto | Reading comprehension"
"4584","2223","Interpretação de texto | Reading comprehension"
"4585","2224","Interpretação de texto | Reading comprehension"
